x_transformed,iter_1,iter_2,iter_3,iter_4,iter_5,iter_6,iter_7
-1.1,1.3266191095899245,1.349184463575061,1.3814353156011678,1.4137058807932743,1.42703344063433,1.4283904535405596,1.4284297357668754
-1.0917835671342686,1.3319948790670955,1.3542185093312273,1.3859809630292075,1.4177628313622421,1.4308885621806375,1.432225024844222,1.432263712190947
-1.0835671342685371,1.3372082814673354,1.3590707269866107,1.3903169682747112,1.421582308665709,1.434494716382507,1.4358094584756707,1.4358475170646594
-1.0753507014028056,1.3421831362885195,1.3636783172953337,1.39439965684896,1.4251397746620211,1.4378352684420583,1.4391279243457593,1.439165343593229
-1.0671342685370742,1.3468256635861433,1.3679646013074365,1.3981767908829943,1.4284074475027044,1.4408925367081495,1.4421637692060167,1.4422005682979429
-1.058917835671343,1.3510211271800243,1.3718363934077589,1.4015859852571437,1.43135376139022,1.443647683587956,1.4448994514501508,1.44493568708817
-1.0507014028056114,1.3546298986893126,1.3751809217342081,1.4045528519792474,1.4339427356642815,1.4460805904307596,1.4473164674981667,1.4473522431362889
-1.04248496993988,1.3574828482944263,1.377862222454255,1.406988828704094,1.4361332384409085,1.4481697138632432,1.449395268480024,1.4494307453082822
-1.0342685370741485,1.3594282591366706,1.3797587000988152,1.408815370050792,1.4378898007415448,1.4498973752159583,1.4511199871365665,1.4511553787809208
-1.026052104208417,1.3605883154583103,1.380968058075898,1.4100951909328832,1.4392401275987299,1.4512768206397573,1.4525023974144855,1.4525378748841626
-1.0178356713426857,1.3611648303072355,1.3816520840808582,1.4109328740170421,1.44023156168418,1.45233175301407,1.4535637951882068,1.4535994598154869
-1.009619238476954,1.3613291198952768,1.3819485982000823,1.411418366061993,1.4409061471666347,1.4530844330104844,1.4543244267725044,1.4543603215789327
-1.0014028056112223,1.3612267055254543,1.3819751278031567,1.411629184951745,1.4413013679889346,1.4535558107818867,1.4548035588488257,1.4548396781235398
-0.993186372745491,1.3609814954085089,1.3818321792417083,1.4116323906361583,1.4414508172552338,1.4537656578155433,1.4550195555866132,1.455055852880319
-0.9849699398797596,1.360699352716551,1.3816060299017472,1.411486268106806,1.4413847704524638,1.4537326818323104,1.4549899468761196,1.455026341644189
-0.9767535070140282,1.360471130891435,1.3813711039087482,1.4112417603839347,1.4411306751429371,1.453474626904038,1.4547314887792397,1.4547678718765578
-0.9685370741482968,1.3603752452085223,1.3811919853963532,1.4109436838587783,1.4407135678925511,1.4530083606412831,1.4542602171430303,1.454296455346949
-0.9603206412825652,1.3604798389717754,1.3811251149488684,1.4106317533563115,1.4401564275434149,1.452349950020441,1.453591495177324,1.453627434892864
-0.952104208416834,1.3608445932687911,1.3812202074468733,1.4103414398561331,1.4394804724676362,1.451514727167807,1.4527400556705297,1.4527755259533355
-0.9438877755511024,1.3615222207515747,1.3815214229335777,1.4101046798431225,1.438705408120177,1.4505173461925682,1.4517200384035192,1.4517548534206806
-0.9356713426853708,1.3625596762565089,1.3820683161410394,1.4099504516732821,1.4378496300162302,1.4493718319568665,1.4505450232182902,1.4505789842546455
-0.9274549098196394,1.3639991100760946,1.3828965848458015,1.4099052310592117,1.436930386167512,1.4480916214844497,1.4492280591035773,1.4492609562112935
-0.919238476953908,1.3658785831988922,1.3840386321482905,1.4099933347352602,1.4359639019995458,1.4466895985363262,1.4477816895719169,1.4478133029537945
-0.9110220440881764,1.3682325577053063,1.3855239529820866,1.4102371584901277,1.4349654698168355,1.4451781217184378,1.4462179745198946,1.4462480757318243
-0.902805611222445,1.3710921696146876,1.3873793505558194,1.4106573129933184,1.4339495039646029,1.4435690463293278,1.4445485086837748,1.4445768617390027
-0.8945891783567136,1.3744852856971161,1.3896289839130622,1.4112726581320532,1.4329295619346338,1.4418737400016322,1.4427844367246094,1.4428107991818955
-0.8863727454909821,1.3784363399662942,1.392294243266646,1.4121002338585127,1.4319183307593848,1.440103092036724,1.4409364648986898,1.4409605890180839
-0.8781563126252506,1.382965939632447,1.3953934451250138,1.413155082764663,1.4309275771131809,1.4382675161735796,1.4390148691890368,1.4390365032428887
-0.8699398797595191,1.3880902240871684,1.3989413343789632,1.4144499566930717,1.4299680585721182,1.4363769463675877,1.4370294996899324,1.4370483895230166
-0.8617234468937878,1.3938199538808278,1.4029483753519254,1.4159948965937472,1.4290493924539993,1.4344408249788585,1.4349897809472847,1.4350056718886972
-0.8535070140280563,1.4001592994944332,1.4074198082240903,1.4177966714821926,1.4281798775441314,1.432468082578927,1.4329047078611372,1.4329173471021293
-0.8452905811623248,1.4071042918471104,1.412354441099395,1.4198580586700271,1.4273662627879742,1.4304671083754346,1.4307828366507223,1.4307919762171237
-0.8370741482965933,1.414640887748906,1.4177431411628567,1.4221769433476896,1.426613455671107,1.4284457100219043,1.428632270264828,1.42863767073055
-0.8288577154308618,1.4227425937200744,1.4235669807283418,1.4247452110115177,1.425924161481842,1.4264110613191816,1.426460637488502,1.4264620725981418
-0.8206412825651304,1.4313675805446864,1.4297949853413514,1.4275474010476095,1.4252984429296274,1.424369636020947,1.4242750648483165,1.4242723272426614
-0.8124248496993989,1.4404552083755489,1.4363814212959878,1.430559083903216,1.4247331876369165,1.4223271256217436,1.4220821402495734,1.4220750485183238
-0.8042084168336675,1.4499218678962542,1.443262548744545,1.4337449175698755,1.4242214687925234,1.4202883386252079,1.419887867086338,1.4198762744083682
-0.795991983967936,1.4596560266773397,1.4503527537899479,1.4370563314316993,1.4237517817042598,1.4182570783547772,1.4176976073450742,1.4176814120187664
-0.7877755511022045,1.4695123510988295,1.4575399582912256,1.4404287767387103,1.4233071360652352,1.416235995870002,1.4155160119703887,1.4154951701859384
-0.7795591182364732,1.4793047526659158,1.4646801892796857,1.4437784728684835,1.4228639803915526,1.41422641397856,1.413346936471752,1.4133214777349166
-0.7713426853707417,1.4887981827786567,1.4715911705350084,1.4469985669336274,1.4223909312308696,1.412228117675449,1.4111933394172544,1.4111633851010221
-0.7631262525050102,1.4976989715282003,1.4780447766138547,1.449954610942519,1.421847275303135,1.410239105583251,1.4090571610776212,1.4090229466561155
-0.7549098196392787,1.5056434733067536,1.4837581640099535,1.4524792453569781,1.421181207627236,1.408255296095547,1.4069391790431778,1.4069010806524611
-0.7466933867735472,1.512184744278811,1.4883833646403932,1.454365960205195,1.4203277628080018,1.4062701809220872,1.4048388371294447,1.4047974032045794
-0.7384769539078158,1.5167798260675103,1.4914973491849,1.4553631311561643,1.4192068262741053,1.4042744780465948,1.4027540654949566,1.402710053245941
-0.7302605210420843,1.5192027712461025,1.4929241561194817,1.455366237530751,1.417785361859115,1.4022646739997175,1.4006843566730691,1.4006386103263757
-0.7220440881763528,1.5199952000869967,1.4930863071672238,1.4546275830402469,1.4161453512176525,1.4002524083956138,1.3986341880473514,1.3985873445002805
-0.7138276553106214,1.5196986365498049,1.4924060649153792,1.4533989795501971,1.4143680513064354,1.3982484999839213,1.3966072063451636,1.396559694882397
-0.7056112224448899,1.5187609131228497,1.4912324503787593,1.4518882247552372,1.4125199501779013,1.3962610767387431,1.3946055973140903,1.3945576752072915
-0.6973947895791585,1.517549558372271,1.4898517011670445,1.4502653736157736,1.4106548491271418,1.3942959278527483,1.3926302615517823,1.3925820445596668
-0.6891783567134271,1.5163629168537094,1.4884959579982546,1.4486679470103985,1.408815591357435,1.39235679518792,1.3906809596194136,1.390632448251712
-0.6809619238476956,1.5154392526572436,1.4873503758631186,1.447205195350393,1.4070354763043325,1.39044561085891,1.3887564298092248,1.3887075321222708
-0.6727454909819641,1.5149640427770779,1.486558820926854,1.4459615137778628,1.4053393917354757,1.3885626864262355,1.386854481330917,1.386805032944067
-0.6645290581162326,1.5150756255649704,1.4862282822762425,1.4449990863875417,1.403744689366731,1.3867068580883366,1.3849720651318853,1.3849218470910596
-0.6563126252505012,1.5158693319176655,1.486432098237955,1.444359819288216,1.4022618238762197,1.3848755912613933,1.3831053240609148,1.3830540791269215
-0.6480961923847697,1.5174001918039544,1.4872120696153606,1.444066605897324,1.4008947697384073,1.3830650470040509,1.3812496236142051,1.3811970715182516
-0.6398797595190382,1.5196842755445747,1.4885795062593687,1.4441239523077607,1.3996412251294135,1.3812701118615305,1.3793995640565577,1.3793454162427297
-0.6316633266533067,1.5226986972411924,1.4905152283754979,1.4445179755622686,1.398492607166869,1.37948439185224,1.3775489742803833,1.377492948644427
-0.6234468937875753,1.5263802762543057,1.4929685193627187,1.4452157729111184,1.3974338378409679,1.3777001704825589,1.375690887342061,1.3756327234773735
-0.6152304609218439,1.530622821008368,1.4958550022751398,1.4461641453103247,1.3964429150669622,1.3759083298344286,1.373817497190122,1.3737569726654515
-0.6070140280561124,1.535272967007797,1.4990533866892473,1.44728764323711,1.3954902582428235,1.3740982329091478,1.3719200956646413,1.3718570438839308
-0.5987975951903809,1.5401244671159575,1.502401006328339,1.448485887045234,1.3945378124251526,1.3722575645110333,1.3699889883925211,1.3699233186261595
-0.5905811623246495,1.5449107961895707,1.5056880397022445,1.4496300972315883,1.3935378896343982,1.3703721269984421,1.368013387720243,1.3679451079494902
-0.582364729458918,1.5492958933409104,1.5086502756920908,1.4505587517937626,1.3924317197528022,1.3684255861974355,1.3659812803040974,1.3659105235877493
-0.5741482965931866,1.5528628226323309,1.510960252831771,1.4510722679571875,1.3911476768625195,1.366399161644064,1.3638792664072772,1.3638063215631062
-0.5659318637274551,1.555100086035277,1.5122165643404828,1.4509265835385805,1.389599139553856,1.364271254072465,1.3616923673223278,1.361617714817185
-0.5577154308617236,1.555505037460575,1.5120249146841187,1.4498822597687955,1.3877016204780215,1.3620213701889556,1.3594066056339227,1.3593309145535053
-0.5494989979959922,1.5543411779186984,1.5105914705187784,1.448063519906097,1.3854973494079683,1.3596578769235046,1.357026900355418,1.3569507399766154
-0.5412825651302607,1.552155052296408,1.5083443482390793,1.4457292199923366,1.38307581857327,1.3572003202147052,1.3545656754900546,1.3544894089270325
-0.5330661322645293,1.5493923844379525,1.5056328317751224,1.443090810117179,1.3805105599729355,1.3546652726747237,1.3520337040419683,1.3519575265243322
-0.5248496993987978,1.546409712786568,1.5027364601333688,1.4403177801629654,1.3778609470982282,1.352066630351748,1.349440251543489,1.3493642242586614
-0.5166332665330663,1.5434854106270277,1.4998736384028786,1.437542827482573,1.3751739171774346,1.349415912030487,1.3467932304713717,1.346717310212923
-0.5084168336673349,1.5408283983046385,1.4972084455374146,1.4348659428224946,1.3724853335761926,1.3467224968330984,1.3440993233205867,1.3440233888212827
-0.5002004008016034,1.5385847471661198,1.494855794966115,1.4323575080973163,1.3698210194748797,1.3439938054362206,1.341364077023788,1.3412879527760586
-0.4919839679358719,1.5368423271708864,1.4928850667439408,1.4300604772233751,1.3671974864983685,1.341235428948778,1.3385919707623406,1.338515449071015
-0.4837675350701405,1.5356336054048703,1.4913222950183314,1.4279916902646694,1.3646223750073805,1.3384512083063755,1.3357864586141661,1.3357093205854833
-0.475551102204409,1.5349366601894046,1.4901509613542734,1.4261423512093139,1.3620946161334495,1.33564326590682,1.3329499879119864,1.3328720240582617
-0.4673346693386775,1.5346744342529774,1.489311412253088,1.424477680376375,1.3596043192173783,1.3328119901153006,1.3300839936318427,1.3300050247622326
-0.4591182364729461,1.5347122096862689,1.4886988873662086,1.4229357333580201,1.3571323819630914,1.3299559721841745,1.327188868584206,1.3271087676585966
-0.4509018036072146,1.534853246302849,1.488160112797258,1.4214253591427846,1.3546498142163275,1.3270718940395787,1.32426390862791,1.3241826242731882
-0.4426853707414832,1.5348324827442434,1.4874883808515142,1.4198232502509889,1.3521167596903985,1.3241543642627878,1.321307231559059,1.3212248139853537
-0.4344689378757517,1.534337149014632,1.486439663748993,1.417983626642629,1.3494857461386998,1.3211965111666109,1.318316099641747,1.3182327187270317
-0.4262525050100202,1.53341694251647,1.48505320129508,1.4159307819176847,1.3467661118200192,1.3182014965390008,1.3152930457753116,1.3152088531927635
-0.4180360721442888,1.532389226181626,1.4835774063687397,1.4138145841702798,1.344009119808647,1.3151798601420102,1.3122444632718222,1.3121594906649656
-0.4098196392785573,1.5315050090283322,1.4822088010016619,1.4117536815489145,1.3412554967698886,1.31214014751167,1.3091756209828842,1.3090898051431912
-0.4016032064128259,1.5309468733265061,1.4810903946508158,1.4098345252604418,1.338535101089544,1.3090888445206352,1.3060906249905249,1.3060038338203122
-0.3933867735470944,1.5308343024968323,1.480315847332287,1.4081138679982854,1.3358677555789646,1.3060305221490502,1.302992493332563,1.3029045497802394
-0.3851703406813629,1.5312270344954504,1.4799320900993438,1.4066203369358046,1.33326377234345,1.3029679284832987,1.2998832039265418,1.2997939086460009
-0.3769539078156314,1.532126514736122,1.479940460718535,1.4053551159880153,1.3307241813524415,1.2999020299141752,1.2967637166896755,1.2966728701474148
-0.3687374749499,1.5334754788695326,1.4802963782316787,1.404291751551212,1.3282406674369627,1.2968320023430593,1.2936339702645554,1.2935413950065784
-0.3605210420841686,1.5351556525915884,1.4809075463823294,1.4033750757105314,1.325795213718236,1.2937551720577298,1.290492853181058,1.2903984169764804
-0.3523046092184371,1.5369835122127415,1.4816306419477723,1.4025192205487689,1.323359442703827,1.290666904784125,1.2873381487009763,1.2872417893007029
-0.3440881763527056,1.5387040051076206,1.4822664091637971,1.4016046762837207,1.3208936393378552,1.287560440234394,1.284166451992827,1.2840682042800708
-0.3358717434869741,1.5400436867375449,1.4826011006283872,1.4005030158465752,1.3183547490363254,1.2844279821750981,1.280973556830444,1.2808735596104057
-0.3276553106212427,1.5411003043569673,1.482710370633654,1.399258317828936,1.3157552553898497,1.281268965641179,1.277757569644084,1.277655923262087
-0.3194388777555113,1.542092585834981,1.4827640941505513,1.3979706356695996,1.3131253476270186,1.2780847263398611,1.2745168882737732,1.2744136080310238
-0.3112224448897798,1.5431596507231986,1.4828698992079952,1.396702589087874,1.3104826096464357,1.2748742486320008,1.2712486032743693,1.2711436496509922
-0.3030060120240483,1.5443636622638486,1.4830752389443953,1.3954806072496724,1.3078324337907248,1.271634236771879,1.2679485342785008,1.2678418421469726
-0.2947895791583168,1.5456911548854086,1.4833684276244576,1.3942955481969832,1.3051682234340256,1.268359145341334,1.2646112429020344,1.2645027502332076
-0.2865731462925854,1.5470520510297834,1.4836778713800443,1.3931022353184113,1.3024712353690981,1.265041147978665,1.2612300143371067,1.261119691278616
-0.278356713426854,1.5482763402105102,1.4838694725018162,1.3918178981588507,1.2997100577685872,1.2616700436776056,1.2577968072644694,1.2576846864816413
-0.2701402805611225,1.5491083401187469,1.483742144637319,1.3903194799909018,1.2968397112253507,1.2582330985201076,1.2543021710036206,1.2541883802035303
-0.261923847695391,1.5491990808036449,1.48302186126761,1.3884400649367543,1.293800455973536,1.2547148358648448,1.2507351357871082,1.2506199331398786
-0.2537074148296595,1.5483484790718263,1.4815507394803198,1.3860820835636838,1.2905550729263637,1.2511029609745876,1.2470859446764007,1.2469696618152617
-0.2454909819639281,1.5468793209094835,1.4795790418056876,1.3833921464384848,1.28714645733046,1.2473975352587565,1.2433502977371613,1.2432331400450374
-0.2372745490981966,1.5451098054545365,1.477353339713316,1.3805144533447955,1.2836163747093354,1.2435980194741652,1.2395233482524364,1.239405396421353
-0.2290581162324652,1.5432660542714036,1.4750482029161676,1.3775498950657423,1.2799919918804172,1.2397011328598135,1.235598715287047,1.23547996026652
-0.2208416833667337,1.5414890289235048,1.4727716014874042,1.3745592895814531,1.2762869459093276,1.2357010270320397,1.2315685664477685,1.231448941755058
-0.2126252505010022,1.5398388922976918,1.470568310829362,1.371565420195826,1.2725020145589694,1.231589391590502,1.227423665976958,1.2273030783424788
-0.2044088176352707,1.5382969121482633,1.468421396420581,1.3685539217305867,1.2686254035647524,1.2273554940433358,1.2231533894925102,1.2230317487761915
-0.1961923847695393,1.5367649496166755,1.466251811742036,1.3654730348174908,1.264632657388342,1.2229861551786323,1.2187457059387188,1.2186229552368224
-0.1879759519038079,1.5350864675460092,1.463934802177111,1.3622434290776728,1.2604898976539531,1.2184662680393066,1.214187419665426,1.214063557401905
-0.1797595190380764,1.5331102854578817,1.4613496930052872,1.3587880292255472,1.2561636751608622,1.2137804007494999,1.2094649333218224,1.2093400110256722
-0.1715430861723449,1.5306158615265166,1.4583215315433948,1.354997039485882,1.2516093908685963,1.2089108801492991,1.2045633153426953,1.2044374639054165
-0.1633266533066134,1.52728450855445,1.4545986025807294,1.350714462341402,1.246766823460254,1.2038370399476976,1.1994659269320402,1.1993393938313277
-0.155110220440882,1.5226899777421616,1.4498450689791762,1.3457336787958998,1.241558651065453,1.1985349572517237,1.194154282283823,1.194027472387827
-0.1468937875751506,1.5162859755599483,1.4436312161612657,1.339791591225502,1.235888494857666,1.1929771071497106,1.188607867195931,1.1884813883158085
-0.1386773547094191,1.507390333034346,1.4354210811958175,1.3325611972780707,1.2296384407898662,1.1871319278751653,1.1828039122960206,1.1826786267613754
-0.1304609218436876,1.4954658500575158,1.4247911663708623,1.3237815049637542,1.2227101019251005,1.1809681874529414,1.1767180233310015,1.176594991406876
-0.1222444889779561,1.4811854708184604,1.4122601180326477,1.3137506350878354,1.2151809387325927,1.17447221488878,1.1703272502957849,1.1702072636424048
-0.1140280561122246,1.465469882553426,1.3985391098044482,1.3028803202573358,1.2071630597713443,1.167632375714375,1.1636073591999376,1.1634908447519776
-0.1058116232464932,1.4491234159690232,1.3842482909516058,1.2915274739641982,1.1987499818583978,1.160433405418466,1.1565320094111222,1.1564190734764648
-0.0975951903807617,1.4328616179191034,1.3699383180806994,1.2800070883991532,1.1900208887199835,1.1528571001729302,1.1490730810948548,1.1489635429370928
-0.0893787575150304,1.4173362930566398,1.356109909265776,1.2686039456973153,1.1810444945625622,1.144882939358878,1.1412009677372184,1.1410943836053609
-0.0811623246492989,1.4031848183708868,1.3432537142873473,1.2575989901987041,1.171891910104297,1.1364953736023644,1.132891296228726,1.132786966946079
-0.0729458917835674,1.3912720699970298,1.3320506092469289,1.247410121502777,1.1627178976995654,1.1277404910725037,1.1241790895267267,1.1240759956056006
-0.0647294589178359,1.3826066619923263,1.3233005176526338,1.2385389984405617,1.153725669189573,1.1186982467015336,1.1151317525379274,1.1150285111978895
-0.0565130260521045,1.3782395543710413,1.3178363800103141,1.2315069637069807,1.145124778995767,1.1094494281276808,1.105816961859314,1.1057118107871446
-0.048296593186373,1.3792945307791957,1.3165479101207702,1.226869193831805,1.1371356618927175,1.1000762236849224,1.096302829564366,1.0961935989733074
-0.0400801603206415,1.386995019519014,1.3204025627025047,1.2252273010044705,1.1299938639214464,1.0906629961774907,1.086658324971487,1.0865423994707701
-0.03186372745491,1.4003534880742778,1.3286398018956511,1.2261451774941468,1.1235879037851697,1.0812323331791027,1.076919686554467,1.0767948459137107
-0.0236472945891785,1.4126046024893788,1.335983639623984,1.2264754379313645,1.116900299918536,1.071646391278747,1.067038635709542,1.0669052523819071
-0.015430861723447,1.4159786183132042,1.3363731028730519,1.2225993193723195,1.1087559922366255,1.0617393457702973,1.0569521081346491,1.0568135292373027
-0.0072144288577156,1.4023656579925798,1.3234814380157593,1.2107385443149534,1.0979267371052286,1.0513361025001353,1.046592241416594,1.046454918165033
0.0010020040080156,1.363077563207641,1.290530062479395,1.1868437337653988,1.083094027320851,1.0402459887785969,1.0358831990404966,1.0357569068784451
0.0092184368737471,1.295404600808779,1.235405459575822,1.149653495442126,1.0638491158651928,1.028412395230502,1.0248042263061654,1.024699778583067
0.0174348697394786,1.2147624560940593,1.1701391010903617,1.1063625159731671,1.0425469477491616,1.0161914811115813,1.0135079659892756,1.0134302847469883
0.02565130260521,1.139411149298473,1.1089818846895552,1.0654917754357018,1.0219750830781729,1.0040029366956342,1.0021730117217744,1.0021200398402001
0.0338677354709415,1.0877369759196416,1.066283307434679,1.035621298401653,1.0049405473746653,0.9922695717395458,0.9909794122747642,0.9909420652931357
0.042084168336673,1.0778445649609476,1.056172864551558,1.0251992399623886,0.9942066829058652,0.9814069331543737,0.9801036619016885,0.9800659353656597
0.0503006012024045,1.108771903468067,1.0778866335178299,1.0337447923746526,0.9895759697600631,0.9713344972912475,0.96947714951986,0.9694233838149301
0.058517034068136,1.1616385042804638,1.1166641223747882,1.052385842638474,0.9880682731371155,0.9615054828278121,0.958800857997379,0.9587225656803346
0.0667334669338675,1.2174701660441096,1.1576716033056584,1.0722063099394672,0.9866887763560583,0.9513705214848613,0.9477744147513475,0.9476703161993644
0.0749498997995989,1.257480787456549,1.1862222446776405,1.0843781202614071,0.9824717441524423,0.9403849905523041,0.9360997148906058,0.9359756665727197
0.0831663326653302,1.2724675902800258,1.1951216687673183,1.0845773417794822,0.9739654451452252,0.928283361092779,0.9236320086785372,0.9234973633281717
0.0913827655310617,1.269924919187421,1.1902297171144323,1.076327751697022,0.9623561642941185,0.9152865470670896,0.9104939159455536,0.9103551809198961
0.0995991983967932,1.2585060433076372,1.1783124753883496,1.0636982356066884,0.9490139384655241,0.9016499761711119,0.8968273748179589,0.8966877722269189
0.1078156312625246,1.2464571858039621,1.16581788469935,1.0505665941977005,0.9352448569425997,0.8876176355074503,0.8827682290935118,0.8826278505610939
0.1160320641282561,1.2380327342683064,1.1560745435389042,1.0389382697945415,0.9217303971104988,0.8733242124731891,0.8683954919813988,0.8682528174991474
0.1242484969939876,1.2321016444456143,1.1482027341340224,1.0282927454233182,0.9083094623540497,0.8587570490166108,0.8537116194529335,0.853565566526635
0.1324649298597191,1.2271560865257198,1.1410282082826195,1.0179325343405932,0.8947616188064302,0.8438927313950398,0.8387132583657638,0.8385633252068398
0.1406813627254506,1.2218172685478874,1.1334794983447027,1.0072254029285297,0.8808941353514788,0.8287200405252304,0.8234076712022298,0.8232538910185189
0.1488977955911821,1.2160647084622973,1.1255656098579265,0.9962225009703767,0.8668003317784887,0.8133497121690726,0.8079073670195487,0.8077498243514798
0.1571142284569135,1.2105875355640843,1.117860468152778,0.9853331020025864,0.8527247291873232,0.7979582256073745,0.7923818970766157,0.7922204759152178
0.165330661322645,1.2060240306856105,1.1108983500395913,0.9749428382218626,0.8389042243028064,0.7827210506612116,0.7770004767036494,0.7768348799876383
0.1735470941883763,1.202384400208219,1.1047217538740535,0.9651403603148901,0.8254736483529942,0.7677920908595111,0.7619189513723433,0.7617489382549596
0.1817635270541078,1.1986791162147108,1.098590385866231,0.9555415848557993,0.8124053460078181,0.7532908936480942,0.74727185672359,0.7470976202299022
0.1899799599198393,1.19376226440171,1.0916417146892732,0.9456889970953075,0.7996470666598446,0.7393325802046137,0.733191355739784,0.7330135822136995
0.1981963927855707,1.186935680564785,1.0833533701318434,0.9353114750879863,0.7871790902037533,0.726001257953519,0.7197721275704019,0.7195918093815801
0.2064128256513022,1.1789622796099282,1.0743165493395317,0.9247547935462272,0.7751016189055482,0.713295709137488,0.7070026278655384,0.7068204584538751
0.2146292585170337,1.1707810741581077,1.0652552069097903,0.9144355418695789,0.7635236890914909,0.7011979524131462,0.6948519423354231,0.6946682407634412
0.2228456913827652,1.1631257604709393,1.0567302058423924,0.9046675663278065,0.7525119793136447,0.6896725874712528,0.6832742769953117,0.6830890614538827
0.2310621242484967,1.156285126614036,1.048946262895106,0.8955354272959886,0.7420308201194322,0.6786342906243816,0.6721792523607418,0.6719923946876981
0.2392785571142281,1.1504281470364752,1.0420129848872295,0.887063882198001,0.7320200676735547,0.667987854300187,0.6614680906676541,0.661279359352453
0.2474949899799596,1.1453449832263292,1.0357466778199689,0.8791066032924071,0.7223707833318631,0.6576397813389984,0.6510488670092114,0.6508580760542094
0.2557114228456911,1.1400877964160592,1.0293923337622237,0.8711841803088447,0.7128793229423747,0.6475003174269237,0.6408434233413586,0.6406507224327469
0.2639278557114224,1.1336075202926856,1.022116708035477,0.8627718251346317,0.7033295435007172,0.6374807882334789,0.6307760642012861,0.6305819787319384
0.2721442885771539,1.1258408330150664,1.0138599309623786,0.8538146019934629,0.6936714461474525,0.6275332338178057,0.6207990372509427,0.6206040986233298
0.2803607214428854,1.1176481571819192,1.005286877723513,0.8446979058126798,0.6840107747258237,0.6176479037163162,0.6108908323898044,0.6106952315934816
0.2885771543086168,1.1096563557465884,0.9968807576124137,0.8356996332224892,0.674419987706411,0.6078124116083765,0.6010304243957376,0.6008341023450531
0.2967935871743483,1.1014886022794115,0.9883437752149085,0.8266349415054836,0.6648272641103209,0.5980016138501331,0.5911974223138157,0.5910004575019134
0.3050100200400798,1.0924611266429063,0.979139484003794,0.8171779419638734,0.655117401771559,0.5881873206146528,0.5813724959184512,0.5811752233024072
0.3132264529058113,1.082750579745306,0.9694088625975339,0.8074186296711902,0.645329381055297,0.5783874434827717,0.5715714115656527,0.5713741040034964
0.3214428857715428,1.073438482191929,0.9600052646217192,0.7978842574745811,0.6356641547028296,0.5686681751083479,0.5618466406294585,0.5616491737815094
0.3296593186372742,1.0650629424381752,0.9513600543336745,0.7888536287037177,0.626247871864099,0.5590926193335269,0.552254867675164,0.552056931379274
0.3378757515030057,1.0566694207269256,0.9427445955838921,0.779920973131162,0.6169978255838576,0.549711492496608,0.5428603942084578,0.5426620715600657
0.3460921843687372,1.047313273624212,0.9334408514449718,0.7706921243487312,0.6078439179373147,0.5405885351128559,0.5337405881822354,0.5335423567579864
0.3543086172344685,1.0377198202415179,0.9240456574124247,0.7615802865165169,0.5990156095054404,0.5318773227103581,0.5250412985041544,0.524843412213807
0.3625250501002,1.0290916860591177,0.9155328201917375,0.7532322340031163,0.5908324424231243,0.5237622523730667,0.5169331617813409,0.5167354762022853
0.3707414829659314,1.0219068021043811,0.9083138041872141,0.7459644357952314,0.583515832194009,0.5164254830568691,0.5095943398657421,0.5093965948689212
0.3789579158316629,1.0162220638420947,0.90247324973765,0.7399011857565588,0.5772297504447043,0.5100473730787354,0.503206859568079,0.5030088433232761
0.3871743486973944,1.0117863328390828,0.897854117591645,0.7350199330549452,0.5720862169676522,0.5047955191335104,0.4979439764265816,0.4977456409133458
0.3953907815631259,1.0081233795509186,0.8941210885726482,0.7311867504098543,0.5681528194780827,0.5008207334832814,0.49396497663146405,0.4937665191289734
0.4036072144288574,1.0046247727247024,0.8908136299653076,0.7281524846328173,0.5653919135190498,0.4981727235739736,0.4913284618044044,0.49113033705661363
0.4118236472945888,1.0006662974861922,0.8874390670955508,0.7256124609160156,0.5636869390629313,0.49681261971202445,0.49000347268610284,0.4898063644248176
0.4200400801603203,0.9964758150254311,0.8841201393871708,0.7235391765673722,0.5628600594670662,0.4965004981884132,0.48974376385888657,0.48954817281780766
0.4282565130260518,0.9925002430864853,0.8811209678810502,0.7219354959495405,0.56265272272409,0.4968698435221234,0.4901718269946691,0.4899779356912855
0.4364729458917831,0.9879464572704971,0.8777185652438722,0.7201786730160806,0.5625424853464056,0.4974396366117511,0.4908108608254211,0.4906189738732493
0.4446893787575146,0.9819997343722056,0.8731784186700802,0.7176488332575389,0.5620241811927265,0.4977520852195012,0.4912078967269136,0.49101845837136243
0.452905811623246,0.9751838639168364,0.8678479007907955,0.7144412107766362,0.5609407517190054,0.49754593537347275,0.491091071542815,0.4909042189191823
0.4611222444889775,0.9679588890668399,0.8620487046973799,0.71067976599573,0.5592183038155276,0.49666558158077007,0.49029645982069453,0.490112089221666
0.469338677354709,0.96034257596424,0.8557835277197325,0.7063456595991904,0.5568164483569706,0.4950617347672616,0.4887738662931236,0.4885918477792907
0.4775551102204405,0.9522708852607381,0.8490083263451432,0.7014234265196133,0.5537483161896639,0.49275933572897,0.48654943424587865,0.4863696726869895
0.485771543086172,0.9434524685528424,0.8415107335589653,0.6958135815117296,0.5500273728361111,0.48981849801292615,0.4836880269305193,0.48351056468872716
0.4939879759519034,0.9330147309232794,0.8326236061606165,0.6891426170483823,0.5455739259258633,0.48628087323692326,0.4802436512166705,0.48006888830864775
0.502204408817635,0.9220560471578733,0.8232148292293822,0.6819489977431287,0.5405968182501979,0.4822191722548153,0.4762751569965222,0.4761030921977808
0.5104208416833664,0.9131977517575299,0.8153401325107319,0.6754800797929947,0.5355345383435599,0.47773782585794994,0.4718529612828895,0.47168260875270124
0.5186372745490979,0.9056787373149279,0.8084268672329874,0.6694325632508396,0.5303532997214179,0.4729143550886245,0.4670659184568256,0.46689662042708086
0.5268537074148292,0.9002157324185911,0.8030661974995947,0.6642181529645333,0.5252852382825263,0.4679067348911546,0.4620644523900185,0.4618953325074029
0.5350701402805607,0.8983551393266618,0.8005018622775633,0.660648015515007,0.5207086838141111,0.46291453591932114,0.4570299324710448,0.4568595874998425
0.5432865731462921,0.8941176781398428,0.7960929358684252,0.6559940276051153,0.5158094846108948,0.4579140658469387,0.4520191509929645,0.4518485075316223
0.5515030060120236,0.8853844186415282,0.7882070344654959,0.649319187219239,0.5103464454968356,0.4529514937643514,0.4471075364921813,0.4469383681290137
0.5597194388777551,0.8749378682010531,0.7790319715898403,0.64196135962086,0.5048069639513694,0.4481629787943907,0.4423954849819433,0.44222853005014096
0.5679358717434866,0.8660522329502863,0.7711286506526566,0.635461981807784,0.49971238741535307,0.4436485771940579,0.43794015682678605,0.4377749119276827
0.5761523046092181,0.8595276611270334,0.7651132295858732,0.6301742491130377,0.4951527878883861,0.4393896925231237,0.43371189095971374,0.43354753240058347
0.5843687374749496,0.8544502719189797,0.760255351886834,0.625630101621817,0.490922562370946,0.4352891149949914,0.42962451419727715,0.42946053776823806
0.592585170340681,0.850357931664847,0.7561745459053842,0.6215657806519372,0.4868747364890142,0.4312481014905435,0.42558419432949474,0.4254202379795517
0.6008016032064125,0.8479512801111185,0.7533967879363099,0.6182576300244917,0.4830358690034365,0.4271900509617403,0.42150382657067864,0.421339224191154
0.6090180360721438,0.8456202108294046,0.7506357807716328,0.6148821470996297,0.47904553472326883,0.4229457865696452,0.4172337070000456,0.41706835617592614
0.6172344689378753,0.841005215962477,0.7460149017589872,0.6102528583490745,0.4744078310943951,0.41830460764389726,0.4125921742193709,0.4124268131520111
0.6254509018036067,0.8340151745026028,0.7394462838631879,0.604286547379825,0.46904419520867985,0.4131898731391371,0.40750278286747305,0.40733815542280893
0.6336673346693382,0.8283740174674616,0.7338455643119394,0.598743621883577,0.4635590990937487,0.40772866022970555,0.40204400174739324,0.401879444697122
0.6418837675350697,0.8240353190535517,0.7292003183385871,0.5936602520507431,0.458037337600497,0.4020258454746576,0.396322752138861,0.396157661444375
0.6501002004008012,0.8100582847522613,0.7169990947021925,0.5839970522812759,0.45091371305187966,0.3959510510449195,0.3903547496518894,0.3901927503246595
0.6583166332665327,0.7853190927668275,0.6964067879626867,0.5693315562855217,0.44217865053219885,0.389665223813349,0.38431830369761166,0.3841635233524036
0.6665330661322642,0.7741358082264485,0.6864675631320354,0.5611703662969783,0.43579658220033685,0.3840179226044917,0.37874581651929573,0.378593201858486
0.6747494989979956,0.7720585636023526,0.6837487880595746,0.5575347031679825,0.4312434705717379,0.3790859099648085,0.37377522415696596,0.373621492706928
0.6829659318637271,0.7676899930965129,0.6793813623109533,0.5531689135291107,0.42687931804267926,0.3747224335527894,0.36941181658722244,0.3692580871300012
0.6911823647294586,0.7626737646658068,0.6746749625193311,0.5489053269811505,0.423058815405679,0.3710849220503657,0.3657929372526005,0.36563974715136394
0.6993987975951899,0.7618771123240667,0.6734487747875318,0.5470652387400176,0.42060445141171066,0.3683768656650157,0.3630590498934321,0.3629051120482685
0.7076152304609213,0.7543592726169113,0.667156628341873,0.5425248774439271,0.41781694603477415,0.3663132798109075,0.3610691735665941,0.3609173694331429
0.7158316633266528,0.7382633334038378,0.6543264507323503,0.534362191170815,0.41432460407793914,0.36474976348767946,0.3597020503798357,0.3595559313504821
0.7240480961923843,0.7410927931442319,0.6564036053038302,0.5353641362553484,0.41425068245930485,0.3642315150411105,0.35913856055020166,0.35899113189273746
0.7322645290581158,0.7533460223219508,0.6659125606754671,0.5409509210066011,0.415912899183728,0.3642729074968388,0.35901492058607365,0.35886271464105646
0.7404809619238473,0.7447762252291505,0.6591716022117975,0.5368237750293905,0.4144011633722996,0.3638413212051311,0.35869331518031955,0.35854429291471507
0.7486973947895788,0.7102878518781286,0.6321615417168736,0.5205018677753073,0.4087739424372804,0.3626309448791276,0.3579326622253402,0.35779665835857255
0.7569138276553102,0.6775500113794911,0.606479375741405,0.5049038119423597,0.40326616060686704,0.36129038880943065,0.357016413321239,0.3568926921159183
0.7651302605210417,0.6882608966887894,0.6146952620430928,0.5095537961158234,0.4043480630129289,0.36089869374393485,0.3564746764768024,0.35634661192655837
0.7733466933867732,0.7015852631648242,0.6249014602394634,0.5153034462852413,0.405638441113531,0.36034741784836744,0.3557358832658812,0.3556023905449941
0.7815631262525047,0.6999167770621496,0.6233337394390306,0.5138797412558043,0.40435883988398286,0.35912733066838454,0.3545218558098332,0.3543885385032298
0.7897795591182359,0.6945880362201895,0.6188293934507298,0.5105536367634698,0.4022116970816168,0.35746709233700713,0.35291119411957483,0.35277931193626877
0.7979959919839674,0.7062805340137752,0.6275240025488549,0.514963603804939,0.4023344031011996,0.3558191839442525,0.35108300166596035,0.3509459006971532
0.8062124248496989,0.7173806784746449,0.6356313092239942,0.5187934872839118,0.4018842488312666,0.3536013984326308,0.34868523584008504,0.34854292487850297
0.8144288577154304,0.7141039110089022,0.6323596306963358,0.5155290819676212,0.39862712117205645,0.35034727640439306,0.3454314198453651,0.3452891177427098
0.8226452905811619,0.7077139784658006,0.6265177762607195,0.5104705516471462,0.39435239376952474,0.34639625514801337,0.3415133583673239,0.34137201037016457
0.8308617234468934,0.7121375165577788,0.6290488583093843,0.5102968979376654,0.39147235104619693,0.3423984891582817,0.3374017857305996,0.3372571433075414
0.8390781563126248,0.715271803377586,0.6305666587732958,0.5095043840009896,0.38836811054124115,0.338339518731755,0.3332456046487851,0.3330981482134624
0.8472945891783563,0.7219155701074457,0.6348218428603205,0.5103457583415802,0.38579358846189943,0.3343542508635966,0.32911669456362197,0.3289650800351441
0.8555110220440878,0.7228256645097575,0.6345305566520959,0.508337435107348,0.3820671786716845,0.3299182810997444,0.3246084773626205,0.32445477144638657
0.8637274549098193,0.7176022718707908,0.6294825734598043,0.5035401505795855,0.3775207460467093,0.3254754488835547,0.320176193745986,0.3200227931860779
0.8719438877755508,0.7142604048361834,0.6262977279347668,0.5005797233142123,0.3747848742154977,0.3228323171691835,0.31754250483562235,0.31738937762194575
0.880160320641282,0.7124765162629059,0.6250742594144445,0.5001572182625874,0.37516382221733535,0.3235422607227331,0.3182861503752021,0.3181339987521307
0.8883767535070135,0.7086969984820245,0.6231339619849298,0.5008455710831154,0.3784824320367355,0.3279471517194581,0.32280164658360905,0.32265269671266333
0.896593186372745,0.703602437124011,0.6209664417375593,0.5028614361172636,0.3846842394249541,0.3358777294865957,0.3309082478497276,0.33076439343136904
0.9048096192384768,0.7041245263688681,0.6238855968235594,0.5092065253051822,0.3944573567992388,0.3470666030002181,0.3422412737345318,0.34210159217705216
0.913026052104208,0.7090771076172482,0.6308205516154651,0.5189747277321495,0.4070605386691871,0.36084061525226746,0.35613450000313523,0.35599826940176427
0.9212424849699392,0.7137112757093937,0.6378965809020982,0.5295407135292625,0.42111861419459273,0.37634090396938813,0.3717816349500258,0.3716496551901944
0.9294589178356708,0.7219278538887759,0.6480058678398266,0.54235509741048,0.43663974849577336,0.39297991079564265,0.3885344636207993,0.38840577872679816
0.9376753507014022,0.7324408596714117,0.660000256925522,0.5564667089307264,0.4528698765918009,0.410084974185487,0.4057286129723639,0.40560250690049027
0.945891783567134,0.7412448439225627,0.670625848525889,0.5696957779286972,0.4687040143494292,0.4269949905209374,0.42274817532621933,0.42262524034539956
0.9541082164328653,0.7493220303907854,0.6805546857031125,0.5822710310699406,0.4839273010627222,0.44331190003514903,0.43917643757664765,0.4390567259869724
0.9623246492985968,0.7540742802974175,0.6876996452212042,0.5928356986799795,0.4979137670435398,0.4587115492769073,0.45471997721896196,0.4546044309067526
0.970541082164328,0.752967978568512,0.6900616222241358,0.6001546085207228,0.5101926396215777,0.4730388582488287,0.4692558581018139,0.46914634943963035
0.9787575150300598,0.7522662091853682,0.6925527214448595,0.6072090189551752,0.521813150570066,0.48654514273362853,0.48295415215607135,0.4828502017043717
0.9869739478957912,0.7581897832722437,0.7000547822603487,0.6169670843493309,0.5338285995139839,0.49949287824162025,0.4959968131354052,0.4958956105454475
0.9951903807615228,0.7654087429815266,0.7083965752650094,0.6269136529973551,0.5453809247161585,0.5117083717657072,0.508279830496006,0.5081805825570436
1.003406813627254,0.7679772813647268,0.7129172013312256,0.6342242415453655,0.5554831810960572,0.52296357107872,0.5196524225244928,0.5195565728193983
1.0116232464929853,0.7700596588399056,0.7168684395787239,0.6408464927211419,0.5647780778429082,0.5333622552420723,0.5301634943858026,0.5300708980314801
1.019839679358717,0.7718376951748149,0.7203763454180363,0.6468267624084897,0.5732322225978681,0.5428380963263844,0.5397433646488775,0.5396537796865063
1.0280561122244485,0.7724481851509635,0.7226677220639883,0.6515204956625498,0.5803297808880505,0.5509284206814199,0.547934772501488,0.5478481136607551
1.03627254509018,0.7720644216114467,0.7237333452797496,0.6546576112113744,0.5855396549588814,0.5569943322301705,0.5540878458352619,0.5540037101164167
1.0444889779559112,0.7694274856121035,0.7224971755045366,0.6554234443405853,0.5883087147064059,0.5605907131749481,0.5577684646717211,0.5576867674351558
1.052705410821643,0.7663076950136798,0.7203133137842204,0.6545772307588571,0.5888009668937516,0.5616357441105537,0.55886977957113,0.5587897116185558
1.0609218436873742,0.7636867456732602,0.7179555798167534,0.6525956894294355,0.5871958481481738,0.5601860857506816,0.557435950196633,0.5573563404547236
1.069138276553106,0.7587801100280417,0.713268954847322,0.6482235080868866,0.5831383026345431,0.5562584830444696,0.5535215782745135,0.553442351531655
1.0773547094188372,0.7507427406927468,0.7056281754407909,0.6411495428821636,0.5766314980938687,0.54998591263154,0.5472728575938844,0.5471943212428251
1.0855711422845689,0.7424298838700796,0.6973533048316067,0.6329289629236327,0.5684652419708697,0.5418420919435738,0.5391313212831983,0.5390528510593103
1.0937875751503,0.7333588588733828,0.6882446074128975,0.6237664233312714,0.559248827294107,0.5326034271634421,0.5298903909962674,0.5298118551914625
1.1020040080160314,0.72340407902428,0.6784367565049226,0.6141685661837218,0.5498610922645796,0.5233024713732989,0.5205982710732476,0.5205199910453263
1.110220440881763,0.7159486427122552,0.6707727383222275,0.6062064386493742,0.5416006731607846,0.5149188595482663,0.512202115758284,0.5121234726268078
1.1184368737474943,0.7134456117655238,0.6672891941921261,0.601321525606233,0.535313534625125,0.5080526098612854,0.5052769009407123,0.5051965509119811
1.126653306613226,0.7083599317709572,0.6621319026943884,0.5960618855260771,0.5299514834025109,0.5026482634194405,0.4998682479972231,0.4997877733057334
1.1348697394789573,0.703459582504337,0.6574358077361292,0.5916577148814799,0.525839415508798,0.4986568323001061,0.49588910012116433,0.49580898099972115
1.143086172344689,0.7015050329905839,0.655312866330135,0.5892941044391106,0.5232349889223538,0.4959529500161324,0.49317509125237274,0.49309467899090503
1.1513026052104205,0.6980969623149397,0.6522845099184658,0.5868084431940107,0.5212923545634285,0.49423458267198395,0.4914795587885118,0.4913998075413433
1.159519038076152,0.6904661960441101,0.6461496694504052,0.5828116095898763,0.5194348346688247,0.49326058716912324,0.4905955237898141,0.4905183766806518
1.1677354709418832,0.6878012849409274,0.644056444870605,0.5815354507420414,0.5189762409801454,0.4931396432401473,0.4905089593787069,0.49043280747305035
1.175951903807615,0.6899547274418353,0.6458700660662662,0.5828633925799559,0.5198182065913253,0.49378090343434483,0.49112978373585375,0.4910530402623703
1.1841683366733462,0.6916902888039942,0.6474864267398699,0.5843093892623484,0.5210937351484007,0.4949860296254366,0.4923277415540094,0.4922507905735475
1.1923847695390777,0.6937863698075587,0.6494937919105201,0.5861899600028481,0.522847433956312,0.49668733104694773,0.4940237078706367,0.4939466024518518
1.2006012024048092,0.6977859228410292,0.6530620027596472,0.58914168803637,0.5251823023523058,0.4987674399218813,0.4960778771165469,0.49600002080853084
1.2088176352705404,0.7016212353293036,0.6565380508673808,0.5921042683570394,0.52763110103139,0.5010040497058313,0.4982928818150432,0.4982144000923001
1.217034068136272,0.704967620280353,0.6596622762475082,0.594910978866684,0.5301201025912341,0.5033618392768152,0.5006373113738073,0.500558442911173
1.2252505010020034,0.709426923005865,0.6637137185319899,0.5983794989094124,0.5330053440840129,0.5060061900466648,0.5032571346364535,0.5031775561620836
1.233466933867735,0.7132838339832124,0.6673950245389386,0.6018098268054435,0.5361845404600581,0.5090816705336122,0.5063220547656336,0.5062421705945663
1.2416833667334664,0.7145468431658367,0.6691762910694232,0.6043317970292226,0.5394476671284217,0.5126508905972412,0.5099224412762973,0.5098434592981421
1.249899799599198,0.7162596774089007,0.671426093983364,0.6073490462308886,0.5432328317153751,0.5167531998697419,0.5140570422388419,0.5139789950266501
1.258116232464929,0.7185345053834191,0.6741940211879491,0.6108217206472188,0.547410684116528,0.5212222867669555,0.5185557826491222,0.5184785938340805
1.2663326653306606,0.7227441635639187,0.678503655047762,0.6152742417332578,0.5520061797678688,0.5258768301004013,0.5232163382209413,0.5231393234455917
1.2745490981963925,0.730837893058925,0.6858478145299665,0.6215471008679471,0.5572070837282627,0.5306350226720324,0.5279294538936165,0.5278511342515716
1.2827655310621235,0.7411363652629654,0.6949013951537476,0.6288214577237371,0.5627011292747631,0.5353938097757689,0.5326133769406055,0.5325328901660252
1.2909819639278552,0.7478896091852547,0.701145722431146,0.6343384312260161,0.5674903044107008,0.5398824083267632,0.5370713707665081,0.5369899980595009
1.2991983967935865,0.7526836108500286,0.7057932864264866,0.6387767035961931,0.5717191572272942,0.5440247720590886,0.5412049281753204,0.5411233005466455
1.3074148296593182,0.7591075071984565,0.7116200251256231,0.6437499727244003,0.5758384351057241,0.547791356409612,0.5449356012506351,0.5448529340778013
1.3156312625250497,0.7667752858036215,0.7183127014239108,0.6490490134417825,0.5797429883896816,0.5511199943166328,0.5482055994209961,0.5481212347702711
1.3238476953907812,0.772825472252191,0.7236704278639763,0.6534170622865857,0.5831207547039263,0.5540887795793528,0.5511327422096289,0.5510471721104635
1.3320641282565124,0.7782536361892123,0.728560648384238,0.6575384433929489,0.5864728264472878,0.557123130932301,0.554134743254231,0.5540482366922448
1.340280561122244,0.7845114720022867,0.734252560588814,0.6624215263379541,0.590546585740033,0.5608626441608058,0.5578402235293338,0.5577527317960411
1.3484969939879754,0.7938172749014093,0.742641923055917,0.6695010939406258,0.5963155578729571,0.5660903478205408,0.5630128152021326,0.5629237281107313
1.3567134268537069,0.8006526276946222,0.7495655484065781,0.6765508801833384,0.603491582122912,0.5733185076493342,0.5702462834785489,0.5701573500538076
1.3649298597194384,0.8039403816002105,0.754234230380411,0.6831932119752506,0.6121087701161164,0.5827513000189578,0.5797621207324858,0.5796755912553598
1.3731462925851696,0.807183101777585,0.7592684063433288,0.6907877721222109,0.6222652794686698,0.5939658798188067,0.5910844333258695,0.5910010224513433
1.381362725450901,0.8117855413544993,0.7655055108975116,0.6993611723236446,0.6331764033659492,0.605842470303447,0.6030593276737232,0.6029787624571747
1.3895791583166326,0.8163896630647073,0.771616264132228,0.7076252332523946,0.6435950881868905,0.6171510025344725,0.6144584642190013,0.6143805217771967
1.3977955911823643,0.8197556928380327,0.776490280636579,0.7146544943388456,0.652780911237512,0.6272274734078802,0.6246256209047287,0.6245503035968392
1.4060120240480956,0.8221635548769871,0.7803287874410346,0.720537707052391,0.6607100796760269,0.6360016099216166,0.6334857921162719,0.6334129653038335
1.4142284569138273,0.8252338780030821,0.784447057064541,0.7261537226204792,0.667824756678136,0.6437352255702753,0.6412824281333664,0.6412114256074651
1.4224448897795583,0.8277953622053917,0.7880228060297452,0.7311790789264302,0.6743006063898009,0.6508101208068213,0.6484183182195605,0.648349081346349
1.4306613226452902,0.8285848898200993,0.7902134025736938,0.7353721110069582,0.6804972979852426,0.6578343123833492,0.6555267658915501,0.6554599680275737
1.4388777555110217,0.8298545029577109,0.7929260777826179,0.7401472391850246,0.6873361397961294,0.6655254561843773,0.6633046911300221,0.6632404053777949
1.4470941883767527,0.8324061177818138,0.7968432142689732,0.7460160063480692,0.6951577305599904,0.6741535519860018,0.6720149053207769,0.6719529966963808
1.4553106212424844,0.8354651554885906,0.801266149188512,0.7523882502488268,0.7034804749469695,0.6832818419776324,0.6812252160120035,0.6811656816875638
1.4635270541082157,0.8395274498091416,0.8064033722582167,0.7590617828331259,0.7116912561070843,0.6921274980543406,0.6901355150890758,0.6900778520224247
1.4717434869739474,0.8435613849754469,0.8113490804366956,0.7653106151069055,0.7192440090040075,0.700218762750778,0.698281611087778,0.6982255352540964
1.479959919839679,0.8458249803505259,0.814738212464726,0.7703083864706269,0.7258514029758695,0.7074909217028564,0.7056214564482103,0.7055673399715836
1.4881763527054104,0.8462600933234834,0.8165846124216583,0.7741718258108775,0.7317331146042979,0.714206168304599,0.7124215736286689,0.7123699139490745
1.4963927855711416,0.8457588699082577,0.8176665984808528,0.7775165662908312,0.7373419926019125,0.7207501222166071,0.7190607370238283,0.7190118334274276
1.5046092184368731,0.8443062247592616,0.8180481856351756,0.7805196746778725,0.7429682246129264,0.7274596893616935,0.725880609414304,0.7258348988867336
1.5128256513026046,0.8428077955610571,0.8184855007253555,0.7837235939456864,0.7489404391308262,0.7345751940693869,0.7331125239945936,0.7330701832499779
1.5210420841683363,0.8418015143160222,0.8194218814711101,0.787436465786726,0.7554314991829297,0.7422136300478881,0.7408677858556262,0.7408288269364417
1.5292585170340676,0.8442758590929027,0.8231714440029418,0.7930085948576466,0.7628273088272814,0.7503626093943718,0.7490934529843118,0.7490567139900836
1.5374749498997988,0.8501076749183674,0.829572187482835,0.8002224610392097,0.7708547947275479,0.7587261156098801,0.7574911728075605,0.7574554242141428
1.5456913827655303,0.8549375841839411,0.8351696198325236,0.806916852622452,0.7786468160549853,0.7669714517773891,0.7657826655180451,0.7657482530443935
1.5539078156312618,0.8602980911626115,0.8411430749566408,0.8137663454081766,0.7863728819757932,0.7750595374162695,0.7739076120253511,0.7738742665842746
1.5621242484969935,0.8693238528597885,0.8499137667578148,0.8221724862487176,0.7944142490258178,0.7829502549659642,0.7817829904342948,0.7817492009623652
1.5703406813627248,0.8828704268683826,0.8620888357183201,0.8323873729586762,0.8026677553339971,0.7903937223262612,0.789143979582531,0.7891078025667707
1.5785571142284565,0.8995461391366987,0.8765029364545813,0.8435691335814659,0.8106152000921889,0.7970054130319999,0.7956196637341558,0.7955795496591278
1.5867735470941875,0.9057490977132332,0.8824954962491025,0.8492609872585627,0.8160061638468068,0.8022721109603598,0.80087370890897,0.8008332285674709
1.5949899799599194,0.9090299736304396,0.8860050251780036,0.853097311612448,0.8201694833776844,0.8065704776390997,0.8051858260960391,0.8051457437983446
1.603206412825651,0.9148236563166686,0.8913411523790494,0.8577794914277757,0.8241973160853472,0.8103280687137973,0.8089159011521923,0.8088750223326204
1.6114228456913824,0.9217421178992508,0.8974754093633316,0.8627929476271632,0.8280892864161744,0.8137568717609046,0.8122975444799476,0.812255300501091
1.6196392785571136,0.9268405175693297,0.9021550686203316,0.8668741347702998,0.8315716356324726,0.816991904320134,0.8155073952429914,0.8154644223123229
1.627855711422845,0.9278109556875618,0.903613352360483,0.8690296571611043,0.8344248228574385,0.8201332231526789,0.8186780516523202,0.8186359279732138
1.6360721442885766,0.9259634565140418,0.9028825696001685,0.8698949076746815,0.8368870822119664,0.8232550380733321,0.8218670225584863,0.8218268428819826
1.644288577154308,0.9229373535749116,0.9012261500004364,0.870196066703259,0.8391470164286352,0.8263239352994511,0.8250182884445534,0.8249804931406127
1.6525050100200396,0.9234053688476621,0.9022674428120386,0.8720566991577303,0.841827489343082,0.8293429976598962,0.8280718260017796,0.8280350286710167
1.6607214428857708,0.9264455247673711,0.9052601271427291,0.8749815361506885,0.8446844375269748,0.8321719081518558,0.8308978816943411,0.8308610017240723
1.6689378757515023,0.9273794759549638,0.9065213273380075,0.8767104471263744,0.8468813451688565,0.8345620957545008,0.8333077490736592,0.8332714387851065
1.6771543086172338,0.9240971834753717,0.904397741719385,0.8762429083634485,0.848070865511677,0.8364359720811887,0.8352513065658147,0.8352170133776885
1.6853707414829655,0.918563555842373,0.9004282928885472,0.8745090149386592,0.8485738939645808,0.8378628365440061,0.8367722360640657,0.8367406658301525
1.6935871743486968,0.9180249628496122,0.9002730278054139,0.8749016097162226,0.8495146834793388,0.8390300273666127,0.8379624790808027,0.8379315761518964
1.7018036072144285,0.917843949288535,0.9003438665380347,0.8753324007483658,0.8503056468299804,0.839969739835818,0.8389173371937784,0.8388868726944578
1.7100200400801595,0.9215282958237031,0.9034453386555925,0.8776008171733547,0.8517404983614297,0.8410603338082838,0.8399728788418743,0.8399413996629347
1.718236472945891,0.9291079220636104,0.9096637334463276,0.8818737129451311,0.8540667059380644,0.8425825702347952,0.84141325487984,0.8413794060415594
1.7264529058116227,0.9317611220311761,0.9121582144767608,0.8841413497187195,0.8561073597974328,0.8445294814418687,0.8433506212046885,0.84331649606526
1.734669338677354,0.9302708488123478,0.9115884290276144,0.8848871436693648,0.8581695372889535,0.8471353178470264,0.8460118129915658,0.8459792902559337
1.7428857715430857,0.9333064717697662,0.9147415791503292,0.8882082659506161,0.8616587344008516,0.8506939289078247,0.8495774917846161,0.8495451736426592
1.751102204408817,0.9376152799159277,0.919033620158217,0.8924763430315156,0.8659028329069367,0.8549281243989226,0.8538106789501609,0.8537783316196293
1.7593186372745486,0.967601093887139,0.9434318940399026,0.9088887936579606,0.874324578985103,0.860049754956787,0.8585962915567645,0.8585542173230126
1.76753507014028,1.031800230314428,0.9944194721724571,0.9409941503160184,0.8875361725087396,0.8654583317902071,0.8632103647839405,0.8631452916013019
1.7757515030060116,1.060147186076624,1.0170923052008383,0.9555574144545534,0.893984910825513,0.8685558171051342,0.8659666253263074,0.8658916745156237
1.7839679358717428,1.0709607105232042,1.025732236062892,0.9610908022016338,0.8964098565992565,0.8696969940274343,0.8669770888306375,0.8668983541841156
1.7921843687374746,1.0777239957226905,1.0309114880840813,0.9640061225481263,0.8970598614545601,0.8694114364719786,0.8665962722569426,0.8665147800933066
1.8004008016032058,1.0811734630698442,1.033240137613446,0.9647328769947213,0.896183741668326,0.867873338746141,0.8649907718993859,0.864907328593339
1.808617234468937,1.0819063052848645,1.0332125081883201,0.9636183663997917,0.8939816855531156,0.8652221325179675,0.8622938331809895,0.8622090660304732
1.8168336673346688,1.0804090313351646,1.0312261081421377,0.9609328976232826,0.890596720744145,0.8615482798269373,0.8585905659092646,0.8585049472781098
1.8250501002004,1.0771209391925483,1.0276533074401049,0.9569531857942917,0.8862098490658803,0.8569932534472049,0.8540184180081992,0.8539323037506044
1.833266533066132,1.0724856881820741,1.0228993149765693,0.9520294856880317,0.8811163375839798,0.851829610833201,0.8488476346383086,0.8487613136731816
1.841482965931863,1.0669259927549226,1.0173671543309504,0.9465366782989746,0.8756629075059584,0.8463924433606247,0.8434121230251499,0.8433258499931298
1.8496993987975947,1.0608291136796628,1.0114363977091223,0.940843347186508,0.8702071470279641,0.8410347982031574,0.8380644679752373,0.8379784841325564
1.857915831663326,1.054547838773716,1.0054612940585417,0.9353058295741503,0.8651074829260255,0.8361159651101269,0.8331640471058892,0.8330785962523453
1.8661322645290577,1.0483940790172404,0.9997603420522976,0.9302520393965489,0.8607012501513771,0.8319771698590237,0.8290524823587484,0.8289678197621284
1.874348697394789,1.042698990242558,0.9946873240557258,0.9260680973093478,0.8574069274165844,0.8290502548558403,0.8261629768318374,0.8260793971486565
1.88256513026052,1.037792178846748,0.9906040533872676,0.9231618474025758,0.8556784177193332,0.8278081451651016,0.8249703924176159,0.824888246370852
1.890781563126252,1.0339112742147976,0.9877685393906624,0.9218204264617322,0.855832003090881,0.8285791596387597,0.8258042735578085,0.8257239473482849
1.8989979959919832,1.0312390141690715,0.9863788021753652,0.9222636963444627,0.8581094004877193,0.8316140412647982,0.8289162822714421,0.8288381887036982
1.9072144288577149,1.0300265467337009,0.9867219722043721,0.9248302143299412,0.8629006254395738,0.8373240575376811,0.8347198499292474,0.8346444644467825
1.915430861723446,1.0304845320636395,0.9890405756789852,0.9298080502057171,0.8705393191585232,0.8460616704085676,0.8435693548111146,0.8434972083304882
1.9236472945891776,1.0323323776097744,0.9929823236047939,0.9367424449939881,0.8804681900491268,0.8572272428942276,0.8548608483240039,0.8547923469511483
1.931863727454909,1.0343200516358286,0.9970166119689381,0.9437017952125009,0.8903543900508929,0.8683222152059881,0.8660788979015895,0.8660139593165218
1.9400801603206408,1.0352653430268808,0.9996980822407667,0.948864646818372,0.8980001397222745,0.8769933876535233,0.8748544789549143,0.8747925627452885
1.948296593186372,1.0347301099899604,1.0004902957706083,0.9515540733423196,0.902587938901929,0.8823652039403757,0.8803061239085189,0.8802465185448249
1.956513026052104,1.032844793111496,0.9995514380771898,0.9519679139112803,0.9043553045630647,0.8846915677645415,0.882689404957656,0.8826314472093253
1.964729458917835,1.0300112828499088,0.9973718372157805,0.9507228933501626,0.9040454355595988,0.8847679110344234,0.882805072383327,0.8827482529737551
1.9729458917835665,1.0267832355201014,0.9946278062956955,0.9486706282946171,0.9026853592068891,0.8836937046782084,0.8817599733265256,0.8817039965025457
1.981162324649298,1.0236703007577495,0.991942803302954,0.9465972338850188,0.9012239472230077,0.882485037954655,0.8805770411398525,0.8805218092681846
1.9893787575150288,1.0209078469859427,0.9896065840842974,0.9448701975540365,0.9001064661395797,0.8816192997207822,0.8797369353773375,0.8796824455034329
1.997595190380761,1.0183745864167921,0.9874746435603647,0.9433118316082806,0.8991220253664861,0.8808718867790081,0.8790136566229221,0.8789598653750993
2.005811623246492,1.0159473676336137,0.9854004846087165,0.9417422727790392,0.8980573750938584,0.8800157608678991,0.8781787626742442,0.8781255860401436
2.014028056112224,1.0136595742979004,0.9834285576252358,0.9402217882587516,0.8969886089786279,0.8791335518841864,0.8773155489483461,0.8772629221808038
2.022244488977955,1.011641518028699,0.9817215271345832,0.9389592819872574,0.8961708986394152,0.8784995397346167,0.8767002409589654,0.8766481556314124
2.030460921843687,1.0100058747348764,0.9804205780620319,0.9381366845422197,0.8958269452118418,0.8783532635633092,0.876574092297211,0.8765225896121531
2.038677354709418,1.0087472338945633,0.9795229370572907,0.9377549916713367,0.8959615158454374,0.8787010480872945,0.8769435862717258,0.8768927120225103
2.04689378757515,1.007937543211033,0.9791200283190373,0.9379334637672889,0.8967217241416141,0.8797015101247382,0.8779685109588635,0.8779183448439164
2.055110220440881,1.0077279950735343,0.9793997408827886,0.9389124374411737,0.8984003863453586,0.8816691397108725,0.8799655632204206,0.8799162488204347
2.0633266533066124,1.0082531108932604,0.9805295081494344,0.940906384563133,0.9012590415480852,0.8848849144317379,0.8832176998710737,0.8831694380606016
2.071543086172344,1.00949692628995,0.98249320480019,0.9438989497978489,0.905281104257346,0.889332153741301,0.8877082306864277,0.8876612220598569
2.0797595190380758,1.0112292359405461,0.9850134344710293,0.9475452904084063,0.9100542441370915,0.8945706553089984,0.8929941154078417,0.8929484784084377
2.087975951903807,1.0131754081072937,0.9877584847243597,0.9514321130874763,0.9150835371443734,0.9000717820624585,0.8985432843003576,0.8984990380041447
2.0961923847695383,1.0151508026345084,0.9905061461920663,0.9552835138024762,0.9200393517615557,0.905483713338367,0.9040016574005774,0.9039587554823324
2.10440881763527,1.0171700404902984,0.9932768849607381,0.9591283125994017,0.9249588671003557,0.9108470804950306,0.9094102175747534,0.9093686238845538
2.1126252505010013,1.0192671457866838,0.9961146434241404,0.9630246272772494,0.9299143850296436,0.9162400433414861,0.9148477210877256,0.9148074167415949
2.120841683366733,1.021277678559355,0.998821319155613,0.9667262443496876,0.9346115515957806,0.9213483661849619,0.9199979078869052,0.9199588154005697
2.129058116232464,1.0228862998450536,1.0010147403449818,0.9697554731745384,0.9384770989391951,0.9255593083188296,0.9242440181381163,0.924205943683325
2.137274549098196,1.0237878781753031,1.0023250206301288,0.9716498784097691,0.940955986167855,0.9282795832857297,0.926988871218347,0.926951508240216
2.145490981963927,1.0240824810759372,1.0028759616241816,0.9725671828973859,0.9422398780868204,0.929714873728371,0.9284395770673392,0.928402660327765
2.1537074148296584,1.024180781423476,1.0031697746020511,0.9731404264090808,0.9430927229328054,0.9306831923348,0.9294196532186693,0.9293830768314512
2.16192384769539,1.0246289930946921,1.003873728840679,0.9742098930036774,0.9445279253009021,0.9322694414967265,0.9310212819737933,0.9309851507884283
2.1701402805611214,1.0258499433102655,1.0055045917350354,0.9764266112387372,0.9473308569777033,0.9353144759900704,0.9340909673897819,0.9340555497887296
2.178356713426853,1.0278846040017027,1.0081136282983898,0.979856557204389,0.9515822141222662,0.9399050712786161,0.9387161039255747,0.9386816862097006
2.1865731462925844,1.030370300587283,1.0112600508028307,0.9839473023129874,0.9566178590473152,0.9453309544524404,0.9441817211802365,0.9441484536694554
2.194789579158316,1.0329145363220773,1.0144666241700953,0.9881005017775071,0.9617182632293808,0.9508225487943213,0.9497131465265916,0.9496810320266071
2.2030060120240478,1.0352412885254485,1.0173979714933157,0.9918959484522734,0.9663783374319395,0.9558397092470982,0.9547666655218144,0.9547356035132886
2.211222444889779,1.0371709342700326,1.019836115377612,0.9950608479757774,0.9702704368202654,0.9600321380426448,0.9589896738748028,0.9589594970701616
2.2194388777555103,1.038524136557339,1.0215633458930276,0.9973226470623877,0.9730671312303365,0.9630497411783513,0.9620297699496041,0.9620002442608955
2.227655310621242,1.0391464865954227,1.022392259523684,0.9984467854815595,0.9744866748926444,0.9645912855255503,0.9635837364135252,0.963554570314912
2.2358717434869733,1.0390920255435319,1.0223894319068216,0.9985177533953948,0.9746314834443124,0.9647665898405728,0.9637621458089188,0.9637330695948375
2.2440881763527045,1.0384820424750434,1.0217033335325953,0.9977228695146836,0.97372774756254,0.9638178987016078,0.9628088773230922,0.9627796686059414
2.252304609218436,1.0374669004040715,1.020517810411498,0.9962938344132619,0.972055051635359,0.9620445722395448,0.9610253046542047,0.9609957993342629
2.2605210420841675,1.0362124419420413,1.0190355207908965,0.994485923976481,0.9699213213483638,0.9597762802079604,0.9587433115380805,0.9587134096050327
2.268737474949899,1.0348777072669675,1.0174507834317426,0.9925438778166001,0.9676217479846055,0.957329050142929,0.9562810470592698,0.9562507099164742
2.2769539078156305,1.0335609085124702,1.0158837381186876,0.9906191751525726,0.9653391693534047,0.9548986707731981,0.9538356186098778,0.9538048458327929
2.285170340681362,1.032331848249886,1.0144198594903813,0.9888196894528729,0.9632038714442303,0.952624684331905,0.9515475108943022,0.9515163293406392
2.2933867735470934,1.0312566064687292,1.013140047821981,0.9872475024392044,0.961339130372381,0.9506391200983308,0.9495496444394823,0.9495181067664067
2.301603206412825,1.0302759303754285,1.011972420033923,0.985812679576449,0.9596369491133242,0.9488265213425708,0.9477258029678849,0.9476939398455037
2.3098196392785564,1.0292639822711056,1.0107639116155132,0.9843232432537831,0.9578664131706783,0.9469398928560147,0.9458273539318595,0.9457951486332932
2.318036072144288,1.0281893023102606,1.009476452558561,0.9827316760872351,0.9559705520100298,0.9449183600068939,0.9437930251842217,0.9437604494754852
2.32625250501002,1.0272201869725441,1.0083153997870242,0.981296302523722,0.9542606899773798,0.9430951357980214,0.9419582584320745,0.9419253485947567
2.3344689378757506,1.0267194347610116,1.0077231358267815,0.9805732481549513,0.9534067652551221,0.942187162364279,0.9410447817554336,0.9410117126126059
2.3426853707414823,1.0269795459060131,1.0080563459368703,0.9810109327575672,0.9539489882097568,0.9427725590635917,0.9416345744079018,0.9416016325172365
2.3509018036072136,1.0280269105660191,1.0093473746987134,0.9826502110925212,0.9559367289835665,0.9449042128422886,0.9437808814169977,0.9437483637017475
2.3591182364729453,1.029716430250709,1.011419547546761,0.985269279440498,0.95910302711851,0.9482965137661263,0.9471961939577429,0.9471643423728876
2.3673346693386765,1.0318235724096458,1.0139993638168736,0.9885246509368277,0.9630343667706841,0.9525070244211644,0.9514351298202794,0.9514041010761127
2.375551102204408,1.0341046191433914,1.0167899262789108,0.9920434233958777,0.9672817943413301,0.9570553824076701,0.9560141285589608,0.9559839867901176
2.3837675350701395,1.036541419294366,1.0197692337898854,0.9957980931990619,0.9718123003729027,0.9619063043879299,0.960897675309465,0.9608684779484474
2.391983967935871,1.0392376744819178,1.0230637812746597,0.9999477319161196,0.9768175529923242,0.9672649206815452,0.9662922711126224,0.9662641152709818
2.4002004008016025,1.042129209903885,1.0265954537717488,1.0043943010330352,0.982179577954879,0.973005023700433,0.9720708700608569,0.9720438285828321
2.4084168336673337,1.0450485973910664,1.0301602867221082,1.0088816174568467,0.9875899417153803,0.9787966007598841,0.9779012622802375,0.9778753444067783
2.416633266533065,1.0478475952446602,1.033577690292721,1.0131828587587357,0.9927755609897739,0.9843474631058046,0.983489313696617,0.9834644723563839
2.4248496993987967,1.0501326163712055,1.0363680523570766,1.0166954641266441,0.9970108511287075,0.9888812179439065,0.98805345822748,0.9880294965950105
2.4330661322645284,1.051437802488323,1.037963673224592,1.0187061801069812,0.9994369159466006,0.9914788194688418,0.9906685256297494,0.9906450695919895
2.44128256513026,1.051670549322807,1.0382517495895958,1.0190733345357565,0.9998831967752041,0.9919577790504339,0.9911508125638422,0.9911274528448524
2.449498997995992,1.0511295288611258,1.0375963397557597,1.0182544371396531,0.9989007118859089,0.9909077334570797,0.9900938879357318,0.9900703290854006
2.4577154308617226,1.0501994484877009,1.0364663523050486,1.0168387385242612,0.9971991274663689,0.9890880798267957,0.9882622124916486,0.9882383056390189
2.4659318637274543,1.0492197837152295,1.0352755648006617,1.0153462102188733,0.9954046739224803,0.987168932877022,0.9863303692521471,0.9863060948727798
2.4741482965931856,1.0485517422154436,1.034464236579297,1.0143300937695912,0.994183644069539,0.9858632749540964,0.9850160944942895,0.9849915706784882
2.4823647294589173,1.0485594428560658,1.0344761711494421,1.0143480795558892,0.9942076847707648,0.9858898163007418,0.9850428904567946,0.9850183740115038
2.4905811623246485,1.0493500717736133,1.0354420321261224,1.0155643856713001,0.9956745891081984,0.9874602162782482,0.9866238283662998,0.9865996169685352
2.49879759519038,1.0506489667116448,1.037027102776086,1.0175584643317326,0.9980779257831242,0.9900325741849412,0.9892133960244905,0.9891896828072148
2.5070140280561115,1.0521027801569838,1.0388007660056473,1.0197892632245913,1.000766139761083,0.9929096979908681,0.9921097546399194,0.9920865982236412
2.5152304609218428,1.0534657307118784,1.0404634982583782,1.0218804494330382,1.0032860418155036,0.9956066572507641,0.9948247418746162,0.9948021073244034
2.5234468937875745,1.0547550604497027,1.0420363332179605,1.0238584756855007,1.0056695070319224,0.9981575664528042,0.9973927002328609,0.9973705592142936
2.5316633266533057,1.0560251710584572,1.0435855907566376,1.025806695559819,1.0080169331055395,1.0006698624156969,0.9999217832573211,0.9999001281833964
2.539879759519037,1.057224756149535,1.045048757329208,1.0276465780200308,1.0102337617190247,1.0030423676460833,1.0023101394897553,1.0022889432638247
2.5480961923847687,1.0583820701601216,1.0464602823917233,1.0294214265661723,1.0123721558283876,1.0053309040048906,1.0046139633409992,1.0045932096508283
2.5563126252505004,1.0596114448510492,1.047959520542113,1.0313063589318667,1.0146430181629749,1.0077611532211224,1.0070604413386472,1.0070401574322652
2.564529058116232,1.0608526867446237,1.049473122638521,1.0332092236387864,1.0169353834151575,1.010214379982678,1.009530047028299,1.0095102372520874
2.572745490981964,1.0620223665701602,1.0508994197492367,1.035002283269475,1.0190954297475066,1.0125259897350707,1.0118570889768,1.0118377259251676
2.580961923847694,1.0631606127482631,1.0522873276421547,1.0367470126430747,1.0211971987070667,1.0147752140124782,1.0141213271631149,1.0141023987276643
2.589178356713426,1.0641028261265577,1.0534362496574592,1.0381913667472848,1.022937165481515,1.01663726713803,1.0159958111279275,1.0159772425350686
2.5973947895791576,1.0645384450102506,1.0539676966107576,1.0388597730806504,1.0237426149106577,1.0174993145861075,1.0168636213895343,1.0168452196161242
2.605611222444889,1.0644781436519057,1.0538946844314157,1.038768594343523,1.0236332585115309,1.0173824509159857,1.0167459933286498,1.0167275694279843
2.613827655310621,1.0640633465786073,1.0533895800774111,1.0381344210305807,1.0228699373469192,1.0165657924233409,1.0159239040262102,1.0159053229167974
2.622044088176352,1.063429255311872,1.0526171656008965,1.0371643122757794,1.0217020134742294,1.0153161720323087,1.014665965291002,1.0146471433857374
2.6302605210420835,1.062878572896981,1.051946364756052,1.0363218357854929,1.0206877564026526,1.014230970557898,1.013573540253432,1.013554509243566
2.638476953907815,1.0627362558029823,1.0517732221248404,1.0361046366843523,1.0204264739022948,1.0139514818644482,1.0132921978043592,1.0132731131327721
2.6466933867735465,1.0632972304507464,1.0524571827559137,1.0369643713250691,1.0214620899936064,1.0150597359942877,1.014407847943441,1.0143889773683505
2.6549098196392777,1.0646738875654247,1.054135226152551,1.0390731619809142,1.024001891200687,1.0177775421070625,1.0171437785259072,1.0171254326101746
2.663126252505009,1.0667482448088332,1.0566635645853124,1.042250339344813,1.0278283040951544,1.0218720855822332,1.0212656230721597,1.0212480674560982
2.6713426853707407,1.0693794814641004,1.0598705757556766,1.0462802588860818,1.0326816350058006,1.0270654807041464,1.0264936435515382,1.0264770902554412
2.679559118236472,1.0724324266224676,1.06359152277032,1.050955927419126,1.0383126086258205,1.0330909898904737,1.0325593243718205,1.032543933946916
2.687775551102204,1.075580035949638,1.0674278229883285,1.0557765183345804,1.044118091881304,1.0393032280794579,1.0388129783714266,1.038798786833606
2.695991983967935,1.0785237008097448,1.071015549505606,1.0602847505622839,1.049547392473774,1.0451129246667312,1.0446614069006745,1.0446483365584618
2.704208416833666,1.0812271268393507,1.0743104703859845,1.0644250476294943,1.054533582459625,1.0504484636158,1.050032516581184,1.0500204759252152
2.712424849699398,1.0837030751692018,1.07732813982555,1.0682169556367478,1.0591002022838745,1.0553350350132285,1.054951665466116,1.0549405678492525
2.7206412825651296,1.0859610580707355,1.0800801523097294,1.0716750450110533,1.0632648001341427,1.0597914168448292,1.0594377567594049,1.0594275191592681
2.728857715430861,1.0880102586919704,1.0825777010551743,1.0748133817990704,1.0670443166430985,1.06383573693094,1.063509039160906,1.0634995820542856
2.737074148296593,1.0898595414480279,1.0848315906889539,1.0776455436173125,1.0704551041116763,1.067485493501376,1.067183127578978,1.0671743748202245
2.745290581162324,1.0915174621023283,1.086852249549116,1.080184635124672,1.0735129451554997,1.0707575751526563,1.0704770232211784,1.0704689019244578
2.7535070140280555,1.0929922775472483,1.0886497416175,1.0824433030311345,1.076233070791379,1.0736682802056086,1.0734071330812907,1.0733995735065867
2.761723446893787,1.0942919552927357,1.0902337780953024,1.0844337506560542,1.0786301779801217,1.0762333354807738,1.0759892888402331,1.0759822242829828
2.769939879759518,1.0954241826709958,1.0916137286314214,1.0861677520487567,1.080718446641157,1.0784679145082474,1.0782387651975962,1.0782321318818482
2.7781563126252498,1.0963963757654902,1.0927986322137495,1.0876566656843754,1.082511556154634,1.0803866551887469,1.080170297650716,1.0801640346257038
2.786372745490981,1.0972156880719606,1.0937972077329203,1.0889114477470072,1.084022701365648,1.0820036769216244,1.0817980997371128,1.0817921487771403
2.7945891783567127,1.0978890188990524,1.0946178642278364,1.0899426650120216,1.0852646081049389,1.0833325972152048,1.0831358797557742,1.083130185263315
2.802805611222444,1.0984230215162667,1.0952687108224959,1.0907605073395734,1.0862495482406587,1.0843865477950994,1.0841968569830462,1.0841913658949551
2.811022044088176,1.0988241110560324,1.0957575663624644,1.0913747997899197,1.086989354274043,1.085178190224247,1.0849937773969789,1.0849884390937226
2.819238476953907,1.0990984721774075,1.0960919687602209,1.0917950143722008,1.0874954334931015,1.0857197310498212,1.0855389289253594,1.085533695143176
2.8274549098196387,1.0992520664979004,1.0962791840573503,1.0920302814367953,1.0877787816965547,1.0860229364900955,1.085844156230624,1.0858389809765192
2.83567134268537,1.0992906398003264,1.0963262152120659,1.0920894007219628,1.087849996500981,1.0860991466751655,1.085920875045637,1.0859157145151332
2.8438877755511016,1.0992197290210401,1.0962398106198497,1.0919808520646257,1.0877192902430781,1.0859592894542809,1.0857800860731777,1.0857748985707298
2.852104208416833,1.0990446690260445,1.096026472375165,1.091712805785342,1.0873965024891932,1.0856138937828033,1.085432388462236,1.085427134324234
2.860320641282564,1.0987705991808459,1.0956924642814472,1.0912931327565667,1.0868911121631135,1.0850731027005718,1.084887992872986,1.084882634393264
2.868537074148296,1.0984024697203338,1.0952438196170622,1.0907294141639081,1.0862122493038393,1.084346685914227,1.0841567341430638,1.0841512355008405
2.876753507014027,1.0979450479242998,1.0946863486640979,1.0900289509690482,1.085368706463818,1.0834440519947166,1.0832480835664557,1.083242410756629
2.884969939879759,1.097402924104332,1.0940256460070203,1.0891987730831945,1.0843689497583333,1.0823742602014375,1.082171160796527,1.0821652815622531
2.89318637274549,1.0967805174075522,1.0932670976078822,1.0882456482594967,1.0832211295762457,1.081146031943933,1.0809347453841787,1.0809286291516655
2.9014028056112218,1.0960820814425891,1.0924158876646726,1.0871760907127395,1.081933090962101,1.079767761891869,1.0795472879619388,1.079540905777383
2.909619238476953,1.095311709732889,1.0914770052590623,1.0859963694741905,1.0805123836791264,1.0782475287434867,1.0780169210842412,1.078010245552845
2.9178356713426843,1.0944733410025451,1.0904552507998584,1.0847125164895632,1.0789662719627116,1.0765931056628013,1.0763514697342431,1.0763444749612472
2.926052104208416,1.0935707642994728,1.0893552422680886,1.0833303344675507,1.0773017439733736,1.0748119703951897,1.0745584615068802,1.0745511230405487
2.934268537074148,1.0926076239606783,1.0881814212695036,1.0818554044862236,1.075525520958001,1.0729113150707754,1.0726451364776335,1.0726374312541327
2.9424849699398785,1.091587424424382,1.0869380589003137,1.0802930933646184,1.0736440661282105,1.0708980557050736,1.070618456766537,1.0706103630566464
2.95070140280561,1.0905135348933346,1.0856292614314729,1.0786485608062004,1.0716635932638832,1.0687788414055288,1.0684851158061135,1.0684766131637158
2.958917835671342,1.0893891938539029,1.084258975817078,1.0769267663212163,1.0695900750503364,1.0665600632929988,1.0662515473223506,1.066242616534644
2.9671342685370736,1.0882175134550032,1.0828309950318848,1.0751324759342316,1.0674292511567158,1.0642478631463017,1.0639239340368967,1.0639145570762745
2.9753507014028044,1.087001483751116,1.0813489632430922,1.0732702686833309,1.0651866360634283,1.0618481417782022,1.0615082160988987,1.061498376076447
2.983567134268536,1.0857439768134323,1.0798163808213486,1.0713445429172257,1.0628675266461316,1.0593665671508745,1.0590100992545821,1.0589997803751434
2.991783567134268,1.0844477507128993,1.0782366091955775,1.0693595223960395,1.0604770095232454,1.0568085822383066,1.0564350627620787,1.0564242502808334
3.0,1.083115453379158,1.0766128755564908,1.067319262201911,1.0580199681743787,1.05417941264355,1.0537883670594685,1.0537770472399863
